{
    "name": "Fa Jin",
    "description": "Increase your strength and speed for 1 minute.",
    "type": "origins:active_self",
    "entity_action": {
        "type": "origins:and",
        "actions": [
            {
                "type": "origins:apply_effect",
                "effect": {
                    "effect": "strength",
                    "duration": 1200,
                    "amplifier": 5,
                    "show_particles": true,
                    "show_icon": true
                }
            },
            {
                "type": "origins:apply_effect",
                "effect": {
                    "effect": "speed",
                    "duration": 1200,
                    "amplifier": 3,
                    "show_particles": false,
                    "show_icon": true
                }
            }
        ]
    },
    "cooldown": 2400,
    "key": "secondary"
}