{
    "name": "Smokescreen",
    "description": "When you're sneaking and get hit, the player who hit you gets blindness for 30 seconds.",
    "condition": {
        "type": "origins:sneaking"
    },
    "type": "origins:self_action_when_hit",
    "damage_condition": {
        "type": "origins:attacker"
    },
    "entity_action": {
        "type": "origins:and",
        "actions": [
            {
                "type": "origins:area_of_effect",
                "radius": 32,
                "bientity_condition": {
                    "type": "origins:can_see"
                },
                "bientity_action": {
                    "type": "origins:target_action",
                    "action": {
                        "type": "origins:apply_effect",
                        "effect": {
                            "effect": "blindess",
                            "duration": 600,
                            "amplifier": 1,
                            "show_particles": true,
                            "show_icon": true
                        }
                    }
                }
            }
        ]
    },
    "cooldown": 1
}