{
    "name": "Walk on Air",
    "description": "Grants the user the ability to stand on and control the air around them, granting them levitation. ",
    "type": "origins:multiple",
    "activate": {
        "type": "origins:active_self",
        "entity_action": {
            "type": "origins:trigger_cooldown",
            "power": "*:*_duration"
        },
        "cooldown": 200,
        "key": {
            "key": "key.origins.primary_active"
        }
    },
    "duration": {
        "type": "origins:cooldown",
        "cooldown": 120,
        "hud_render": {
            "should_render": true,
            "bar_index": 5
        }
    },
    "effect_grounded": {
        "condition": {
            "type": "origins:resource",
            "resource": "*:*_duration",
            "comparison": ">",
            "compare_to": 0
        },
        "type": "origins:grounded"
    },
    "effect_no_velocity": {
        "condition": {
            "type": "origins:resource",
            "resource": "*:*_duration",
            "comparison": ">",
            "compare_to": 0
        },
        "type": "origins:modify_velocity",
        "modifier": {
            "operation": "set_total",
            "value": 0
        },
        "axes": [
            "y"
        ]
    }
}