{
    "name": "Wall Cling",
    "description": "As you have a frog quirk, you can cling to walls.",
    "type": "origins:multiple",
    "resource": {
        "type": "origins:resource",
        "min": 0,
        "max": 3,
        "hud_render": {
            "should_render": false
        }
    },
    "changeresource": {
        "condition": {
            "type": "origins:and",
            "conditions": [
                {
                    "inverted": true,
                    "type": "origins:sneaking"
                },
                {
                    "inverted": true,
                    "type": "origins:on_block"
                },
                {
                    "type": "origins:or",
                    "conditions": [
                        {
                            "inverted": true,
                            "type": "origins:block_collision",
                            "offset_x": 0.3,
                            "offset_y": 0,
                            "offset_z": 0.3
                        },
                        {
                            "inverted": true,
                            "type": "origins:block_collision",
                            "offset_x": -0.3,
                            "offset_y": 0,
                            "offset_z": 0.3
                        },
                        {
                            "inverted": true,
                            "type": "origins:block_collision",
                            "offset_x": 0.3,
                            "offset_y": 0,
                            "offset_z": -0.3
                        },
                        {
                            "inverted": true,
                            "type": "origins:block_collision",
                            "offset_x": -0.3,
                            "offset_y": 0,
                            "offset_z": -0.3
                        },
                        {
                            "inverted": true,
                            "type": "origins:block_collision",
                            "offset_x": 0,
                            "offset_y": 0,
                            "offset_z": -0.3
                        },
                        {
                            "inverted": true,
                            "type": "origins:block_collision",
                            "offset_x": 0,
                            "offset_y": 0,
                            "offset_z": 0.3
                        },
                        {
                            "inverted": true,
                            "type": "origins:block_collision",
                            "offset_x": -0.3,
                            "offset_y": 0,
                            "offset_z": 0
                        },
                        {
                            "inverted": true,
                            "type": "origins:block_collision",
                            "offset_x": 0.3,
                            "offset_y": 0,
                            "offset_z": 0
                        }
                    ]
                }
            ]
        },
        "type": "origins:action_over_time",
        "interval": 1,
        "entity_action": {
            "type": "origins:change_resource",
            "resource": "*:*_resource",
            "change": -1,
            "operation": "add"
        }
    },
    "resourceclimb": {
        "condition": {
            "type": "origins:and",
            "conditions": [
                {
                    "type": "origins:sneaking"
                },
                {
                    "inverted": true,
                    "type": "origins:on_block"
                },
                {
                    "type": "origins:or",
                    "conditions": [
                        {
                            "type": "origins:block_collision",
                            "offset_x": 0.1,
                            "offset_y": 0,
                            "offset_z": 0.1
                        },
                        {
                            "type": "origins:block_collision",
                            "offset_x": -0.1,
                            "offset_y": 0,
                            "offset_z": 0.1
                        },
                        {
                            "type": "origins:block_collision",
                            "offset_x": 0.1,
                            "offset_y": 0,
                            "offset_z": -0.1
                        },
                        {
                            "type": "origins:block_collision",
                            "offset_x": -0.1,
                            "offset_y": 0,
                            "offset_z": -0.1
                        },
                        {
                            "type": "origins:block_collision",
                            "offset_x": 0,
                            "offset_y": 0,
                            "offset_z": -0.1
                        },
                        {
                            "type": "origins:block_collision",
                            "offset_x": 0,
                            "offset_y": 0,
                            "offset_z": 0.1
                        },
                        {
                            "type": "origins:block_collision",
                            "offset_x": -0.1,
                            "offset_y": 0,
                            "offset_z": 0
                        },
                        {
                            "type": "origins:block_collision",
                            "offset_x": 0.1,
                            "offset_y": 0,
                            "offset_z": 0
                        }
                    ]
                }
            ]
        },
        "type": "origins:action_over_time",
        "interval": 1,
        "entity_action": {
            "type": "origins:change_resource",
            "resource": "*:*_resource",
            "change": 3,
            "operation": "add"
        }
    },
    "slowfall": {
        "condition": {
            "type": "origins:resource",
            "resource": "*:*_resource",
            "comparison": "==",
            "compare_to": 3
        },
        "type": "origins:modify_velocity",
        "modifier": {
            "operation": "multiply_total",
            "value": -1
        },
        "axes": [
            "x",
            "y",
            "z"
        ]
    },
    "elytra": {
        "condition": {
            "type": "origins:and",
            "conditions": [
                {
                    "type": "origins:sneaking"
                },
                {
                    "type": "origins:or",
                    "conditions": [
                        {
                            "type": "origins:block_collision",
                            "offset_x": 0.1,
                            "offset_y": 0,
                            "offset_z": 0.1
                        },
                        {
                            "type": "origins:block_collision",
                            "offset_x": -0.1,
                            "offset_y": 0,
                            "offset_z": 0.1
                        },
                        {
                            "type": "origins:block_collision",
                            "offset_x": 0.1,
                            "offset_y": 0,
                            "offset_z": -0.1
                        },
                        {
                            "type": "origins:block_collision",
                            "offset_x": -0.1,
                            "offset_y": 0,
                            "offset_z": -0.1
                        },
                        {
                            "type": "origins:block_collision",
                            "offset_x": 0,
                            "offset_y": 0,
                            "offset_z": -0.1
                        },
                        {
                            "type": "origins:block_collision",
                            "offset_x": 0,
                            "offset_y": 0,
                            "offset_z": 0.1
                        },
                        {
                            "type": "origins:block_collision",
                            "offset_x": -0.1,
                            "offset_y": 0,
                            "offset_z": 0
                        },
                        {
                            "type": "origins:block_collision",
                            "offset_x": 0.1,
                            "offset_y": 0,
                            "offset_z": 0
                        }
                    ]
                }
            ]
        },
        "type": "origins:prevent_elytra_flight"
    },
    "flyintowall": {
        "condition": {
            "type": "origins:and",
            "conditions": [
                {
                    "type": "origins:sneaking"
                },
                {
                    "type": "origins:fall_flying"
                }
            ]
        },
        "type": "origins:invulnerability",
        "damage_condition": {
            "type": "origins:name",
            "name": "flyIntoWall"
        }
    },
    "jump": {
        "condition": {
            "type": "origins:and",
            "conditions": [
                {
                    "inverted": true,
                    "type": "origins:sneaking"
                },
                {
                    "inverted": true,
                    "type": "origins:on_block"
                },
                {
                    "type": "origins:resource",
                    "resource": "*:*_resource",
                    "comparison": "==",
                    "compare_to": 2
                },
                {
                    "type": "origins:or",
                    "conditions": [
                        {
                            "type": "origins:block_collision",
                            "offset_x": 0.3,
                            "offset_y": 0,
                            "offset_z": 0.3
                        },
                        {
                            "type": "origins:block_collision",
                            "offset_x": -0.3,
                            "offset_y": 0,
                            "offset_z": -0.3
                        },
                        {
                            "type": "origins:block_collision",
                            "offset_x": 0.3,
                            "offset_y": 0,
                            "offset_z": -0.3
                        },
                        {
                            "type": "origins:block_collision",
                            "offset_x": -0.3,
                            "offset_y": 0,
                            "offset_z": 0.3
                        },
                        {
                            "type": "origins:block_collision",
                            "offset_x": 0,
                            "offset_y": 0,
                            "offset_z": 0.3
                        },
                        {
                            "type": "origins:block_collision",
                            "offset_x": 0.3,
                            "offset_y": 0,
                            "offset_z": 0
                        },
                        {
                            "type": "origins:block_collision",
                            "offset_x": -0.3,
                            "offset_y": 0,
                            "offset_z": 0
                        },
                        {
                            "type": "origins:block_collision",
                            "offset_x": 0,
                            "offset_y": 0,
                            "offset_z": -0.3
                        }
                    ]
                }
            ]
        },
        "type": "origins:action_over_time",
        "interval": 1,
        "entity_action": {
            "type": "origins:and",
            "actions": [
                {
                    "type": "origins:change_resource",
                    "resource": "*:*_resource",
                    "change": -1,
                    "operation": "add"
                },
                {
                    "type": "origins:if_else_list",
                    "actions": [
                        {
                            "condition": {
                                "type": "origins:block_collision",
                                "offset_x": 0.3,
                                "offset_y": 0,
                                "offset_z": 0
                            },
                            "action": {
                                "type": "origins:add_velocity",
                                "x": -0.3,
                                "y": 0.7,
                                "space": "world",
                                "client": true,
                                "server": true,
                                "set": true
                            }
                        },
                        {
                            "condition": {
                                "type": "origins:block_collision",
                                "offset_x": 0,
                                "offset_y": 0,
                                "offset_z": 0.3
                            },
                            "action": {
                                "type": "origins:add_velocity",
                                "y": 0.7,
                                "z": -0.3,
                                "space": "world",
                                "client": true,
                                "server": true,
                                "set": true
                            }
                        },
                        {
                            "condition": {
                                "type": "origins:block_collision",
                                "offset_x": -0.3,
                                "offset_y": 0,
                                "offset_z": 0
                            },
                            "action": {
                                "type": "origins:add_velocity",
                                "x": 0.3,
                                "y": 0.7,
                                "space": "world",
                                "client": true,
                                "server": true,
                                "set": true
                            }
                        },
                        {
                            "condition": {
                                "type": "origins:block_collision",
                                "offset_x": 0,
                                "offset_y": 0,
                                "offset_z": -0.3
                            },
                            "action": {
                                "type": "origins:add_velocity",
                                "y": 0.7,
                                "z": 0.3,
                                "space": "world",
                                "client": true,
                                "server": true,
                                "set": true
                            }
                        },
                        {
                            "condition": {
                                "type": "origins:block_collision",
                                "offset_x": 0.3,
                                "offset_y": 0,
                                "offset_z": 0.3
                            },
                            "action": {
                                "type": "origins:add_velocity",
                                "x": -0.3,
                                "y": 0.7,
                                "z": -0.3,
                                "space": "world",
                                "client": true,
                                "server": true,
                                "set": true
                            }
                        },
                        {
                            "condition": {
                                "type": "origins:block_collision",
                                "offset_x": -0.1,
                                "offset_y": 0,
                                "offset_z": -0.1
                            },
                            "action": {
                                "type": "origins:add_velocity",
                                "x": 0.3,
                                "y": 0.7,
                                "z": 0.3,
                                "space": "world",
                                "client": true,
                                "server": true,
                                "set": true
                            }
                        },
                        {
                            "condition": {
                                "type": "origins:block_collision",
                                "offset_x": -0.1,
                                "offset_y": 0,
                                "offset_z": 0.1
                            },
                            "action": {
                                "type": "origins:add_velocity",
                                "x": 0.3,
                                "y": 0.7,
                                "z": -0.3,
                                "space": "world",
                                "client": true,
                                "server": true,
                                "set": true
                            }
                        },
                        {
                            "condition": {
                                "type": "origins:block_collision",
                                "offset_x": 0.1,
                                "offset_y": 0,
                                "offset_z": -0.1
                            },
                            "action": {
                                "type": "origins:add_velocity",
                                "x": -0.3,
                                "y": 0.7,
                                "z": 0.3,
                                "space": "world",
                                "client": true,
                                "server": true,
                                "set": true
                            }
                        }
                    ]
                },
                {
                    "type": "origins:execute_command",
                    "command": "particle minecraft:poof ~ ~ ~ 0.15 0.15 0.15 0 5 normal"
                }
            ]
        }
    },
    "failsafe": {
        "condition": {
            "type": "origins:and",
            "conditions": [
                {
                    "inverted": true,
                    "type": "origins:sneaking"
                },
                {
                    "inverted": true,
                    "type": "origins:on_block"
                },
                {
                    "type": "origins:resource",
                    "resource": "*:*_resource",
                    "comparison": ">=",
                    "compare_to": 1
                }
            ]
        },
        "type": "origins:modify_velocity",
        "modifier": {
            "operation": "multiply_total",
            "value": -1.5
        },
        "axes": [
            "x",
            "y",
            "z"
        ]
    }
}