{
    "name": "Always Burning",
    "description": "As you are flames, you always burn, but you are immune.",
    "type": "origins:self_action_when_hit",
    "entity_action": {
        "type": "origins:and",
        "actions": [
            {
                "type": "origins:apply_effect",
                "effect": {
                    "effect": "strength",
                    "duration": 600,
                    "amplifier": 2,
                    "show_particles": false,
                    "show_icon": true
                }
            }
        ]
    },
    "cooldown": 1
}