{
    "origins": [
        "quirks:acidborn",
        "quirks:airwalker",
        "quirks:decay",
        "quirks:explosion",
        "quirks:frog",
        "quirks:light",
        "quirks:rewind",
        "quirks:hflame",
        "quirks:electrification",
        "quirks:floater",
        "quirks:heal",
        "quirks:invisible",
        "quirks:leap",
        "quirks:frost",
        "quirks:half",
        "quirks:selfdestruct",
        "quirks:zerogravity",
        "quirks:quirk",
        "quirks:oneforall"
    ],
    "enabled": true,
    "replace": true,
    "name": "quirk",
    "allow_random": true
}