{
    "name": "Rewind",
    "description": "Teleports you to where you were 2.5 seconds ago.",
    "type": "origins:multiple",
    "uuid_storage": {
        "type": "origins:action_on_callback",
        "execute_chosen_when_orb": true,
        "entity_action_added": {
            "type": "origins:and",
            "actions": [
                {
                    "type": "origins:execute_command",
                    "command": "scoreboard objectives add UUID dummy"
                },
                {
                    "type": "origins:delay",
                    "action": {
                        "type": "origins:execute_command",
                        "command": "execute store result score @s UUID run data get entity @s UUID[0]"
                    },
                    "ticks": 1
                }
            ]
        }
    },
    "summon_markers": {
        "condition": {
            "type": "origins:command",
            "command": "execute at @e[tag=10] if score @s UUID = @e[limit=1,sort=nearest,type=marker] UUID if entity @e[type=minecraft:marker,distance=..100,tag=10]",
            "comparison": "==",
            "compare_to": 0
        },
        "type": "origins:action_over_time",
        "interval": 20,
        "entity_action": {
            "type": "origins:and",
            "actions": [
                {
                    "type": "origins:execute_command",
                    "command": "execute at @e[type=marker,tag=rewind] if score @e[limit=1,sort=nearest,type=marker] UUID = @s UUID run kill @e[limit=1,sort=nearest,type=marker]"
                },
                {
                    "type": "origins:execute_command",
                    "command": "summon minecraft:marker ~ ~ ~ {Tags:[\"rewind\",\"1\"]}"
                },
                {
                    "type": "origins:execute_command",
                    "command": "summon minecraft:marker ~ ~ ~ {Tags:[\"rewind\",\"2\"]}"
                },
                {
                    "type": "origins:execute_command",
                    "command": "summon minecraft:marker ~ ~ ~ {Tags:[\"rewind\",\"3\"]}"
                },
                {
                    "type": "origins:execute_command",
                    "command": "summon minecraft:marker ~ ~ ~ {Tags:[\"rewind\",\"4\"]}"
                },
                {
                    "type": "origins:execute_command",
                    "command": "summon minecraft:marker ~ ~ ~ {Tags:[\"rewind\",\"5\"]}"
                },
                {
                    "type": "origins:execute_command",
                    "command": "summon minecraft:marker ~ ~ ~ {Tags:[\"rewind\",\"6\"]}"
                },
                {
                    "type": "origins:execute_command",
                    "command": "summon minecraft:marker ~ ~ ~ {Tags:[\"rewind\",\"7\"]}"
                },
                {
                    "type": "origins:execute_command",
                    "command": "summon minecraft:marker ~ ~ ~ {Tags:[\"rewind\",\"8\"]}"
                },
                {
                    "type": "origins:execute_command",
                    "command": "summon minecraft:marker ~ ~ ~ {Tags:[\"rewind\",\"9\"]}"
                },
                {
                    "type": "origins:execute_command",
                    "command": "summon minecraft:marker ~ ~ ~ {Tags:[\"rewind\",\"10\"]}"
                },
                {
                    "type": "origins:execute_command",
                    "command": "execute store result score @e[distance=..0.1,tag=rewind] UUID run data get entity @s UUID[0]"
                }
            ]
        }
    },
    "move_markers": {
        "type": "origins:action_over_time",
        "interval": 5,
        "entity_action": {
            "type": "origins:and",
            "actions": [
                {
                    "type": "origins:execute_command",
                    "command": "execute at @e[tag=10,type=marker] if score @s UUID = @e[limit=1,sort=nearest,type=marker] UUID run execute as @e[limit=1,sort=nearest,type=marker] at @e[tag=9,type=marker] if score @s UUID = @e[limit=1,sort=nearest,type=marker] UUID run tp @s @e[limit=1,sort=nearest,type=marker]"
                },
                {
                    "type": "origins:execute_command",
                    "command": "execute at @e[tag=9,type=marker] if score @s UUID = @e[limit=1,sort=nearest,type=marker] UUID run execute as @e[limit=1,sort=nearest,type=marker] at @e[tag=8,type=marker] if score @s UUID = @e[limit=1,sort=nearest,type=marker] UUID run tp @s @e[limit=1,sort=nearest,type=marker]"
                },
                {
                    "type": "origins:execute_command",
                    "command": "execute at @e[tag=8,type=marker] if score @s UUID = @e[limit=1,sort=nearest,type=marker] UUID run execute as @e[limit=1,sort=nearest,type=marker] at @e[tag=7,type=marker] if score @s UUID = @e[limit=1,sort=nearest,type=marker] UUID run tp @s @e[limit=1,sort=nearest,type=marker]"
                },
                {
                    "type": "origins:execute_command",
                    "command": "execute at @e[tag=7,type=marker] if score @s UUID = @e[limit=1,sort=nearest,type=marker] UUID run execute as @e[limit=1,sort=nearest,type=marker] at @e[tag=6,type=marker] if score @s UUID = @e[limit=1,sort=nearest,type=marker] UUID run tp @s @e[limit=1,sort=nearest,type=marker]"
                },
                {
                    "type": "origins:execute_command",
                    "command": "execute at @e[tag=6,type=marker] if score @s UUID = @e[limit=1,sort=nearest,type=marker] UUID run execute as @e[limit=1,sort=nearest,type=marker] at @e[tag=5,type=marker] if score @s UUID = @e[limit=1,sort=nearest,type=marker] UUID run tp @s @e[limit=1,sort=nearest,type=marker]"
                },
                {
                    "type": "origins:execute_command",
                    "command": "execute at @e[tag=5,type=marker] if score @s UUID = @e[limit=1,sort=nearest,type=marker] UUID run execute as @e[limit=1,sort=nearest,type=marker] at @e[tag=4,type=marker] if score @s UUID = @e[limit=1,sort=nearest,type=marker] UUID run tp @s @e[limit=1,sort=nearest,type=marker]"
                },
                {
                    "type": "origins:execute_command",
                    "command": "execute at @e[tag=4,type=marker] if score @s UUID = @e[limit=1,sort=nearest,type=marker] UUID run execute as @e[limit=1,sort=nearest,type=marker] at @e[tag=3,type=marker] if score @s UUID = @e[limit=1,sort=nearest,type=marker] UUID run tp @s @e[limit=1,sort=nearest,type=marker]"
                },
                {
                    "type": "origins:execute_command",
                    "command": "execute at @e[tag=3,type=marker] if score @s UUID = @e[limit=1,sort=nearest,type=marker] UUID run execute as @e[limit=1,sort=nearest,type=marker] at @e[tag=2,type=marker] if score @s UUID = @e[limit=1,sort=nearest,type=marker] UUID run tp @s @e[limit=1,sort=nearest,type=marker]"
                },
                {
                    "type": "origins:execute_command",
                    "command": "execute at @e[tag=2,type=marker] if score @s UUID = @e[limit=1,sort=nearest,type=marker] UUID run execute as @e[limit=1,sort=nearest,type=marker] at @e[tag=1,type=marker] if score @s UUID = @e[limit=1,sort=nearest,type=marker] UUID run tp @s @e[limit=1,sort=nearest,type=marker]"
                },
                {
                    "type": "origins:execute_command",
                    "command": "execute at @e[tag=1] if score @e[limit=1,sort=nearest,type=marker] UUID = @s UUID run tp @e[limit=1,sort=nearest,type=marker] @s"
                }
            ]
        }
    },
    "warp": {
        "type": "origins:active_self",
        "entity_action": {
            "type": "origins:and",
            "actions": [
                {
                    "type": "origins:delay",
                    "action": {
                        "type": "origins:execute_command",
                        "command": "execute at @e[tag=1] if score @e[limit=1,sort=nearest,type=marker] UUID = @s UUID run tp @s @e[limit=1,sort=nearest,type=marker]"
                    },
                    "ticks": 1
                },
                {
                    "type": "origins:delay",
                    "action": {
                        "type": "origins:execute_command",
                        "command": "execute at @e[tag=2] if score @e[limit=1,sort=nearest,type=marker] UUID = @s UUID run tp @s @e[limit=1,sort=nearest,type=marker]"
                    },
                    "ticks": 2
                },
                {
                    "type": "origins:delay",
                    "action": {
                        "type": "origins:execute_command",
                        "command": "execute at @e[tag=3] if score @e[limit=1,sort=nearest,type=marker] UUID = @s UUID run tp @s @e[limit=1,sort=nearest,type=marker]"
                    },
                    "ticks": 3
                },
                {
                    "type": "origins:delay",
                    "action": {
                        "type": "origins:execute_command",
                        "command": "execute at @e[tag=4] if score @e[limit=1,sort=nearest,type=marker] UUID = @s UUID run tp @s @e[limit=1,sort=nearest,type=marker]"
                    },
                    "ticks": 4
                },
                {
                    "type": "origins:delay",
                    "action": {
                        "type": "origins:execute_command",
                        "command": "execute at @e[tag=5] if score @e[limit=1,sort=nearest,type=marker] UUID = @s UUID run tp @s @e[limit=1,sort=nearest,type=marker]"
                    },
                    "ticks": 5
                },
                {
                    "type": "origins:delay",
                    "action": {
                        "type": "origins:execute_command",
                        "command": "execute at @e[tag=6] if score @e[limit=1,sort=nearest,type=marker] UUID = @s UUID run tp @s @e[limit=1,sort=nearest,type=marker]"
                    },
                    "ticks": 6
                },
                {
                    "type": "origins:delay",
                    "action": {
                        "type": "origins:execute_command",
                        "command": "execute at @e[tag=7] if score @e[limit=1,sort=nearest,type=marker] UUID = @s UUID run tp @s @e[limit=1,sort=nearest,type=marker]"
                    },
                    "ticks": 7
                },
                {
                    "type": "origins:delay",
                    "action": {
                        "type": "origins:execute_command",
                        "command": "execute at @e[tag=8] if score @e[limit=1,sort=nearest,type=marker] UUID = @s UUID run tp @s @e[limit=1,sort=nearest,type=marker]"
                    },
                    "ticks": 8
                },
                {
                    "type": "origins:delay",
                    "action": {
                        "type": "origins:execute_command",
                        "command": "execute at @e[tag=9] if score @e[limit=1,sort=nearest,type=marker] UUID = @s UUID run tp @s @e[limit=1,sort=nearest,type=marker]"
                    },
                    "ticks": 9
                },
                {
                    "type": "origins:delay",
                    "action": {
                        "type": "origins:execute_command",
                        "command": "execute at @e[tag=10] if score @e[limit=1,sort=nearest,type=marker] UUID = @s UUID run tp @s @e[limit=1,sort=nearest,type=marker]"
                    },
                    "ticks": 10
                },
                {
                    "type": "origins:delay",
                    "action": {
                        "type": "origins:execute_command",
                        "command": "execute at @e[type=marker,tag=rewind] if score @e[limit=1,sort=nearest,type=marker] UUID = @s UUID run kill @e[limit=1,sort=nearest,type=marker]"
                    },
                    "ticks": 10
                }
            ]
        },
        "cooldown": 50,
        "hud_render": {
            "should_render": true,
            "sprite_location": "origins:textures/gui/community/huang/resource_bar_01.png"
        },
        "key": "primary"
    }
}