{
    "name": "Lightning Bolt",
    "description": "You can summon a lightning bolt in the direction you're looking at.",
    "type": "origins:active_self",
    "entity_action": {
        "type": "origins:raycast",
        "distance": 100,
        "block": true,
        "entity": true,
        "shape_type": "visual",
        "fluid_handling": "any",
        "miss_action": {
            "type": "origins:nothing"
        },
        "command_at_hit": "summon minecraft:lightning_bolt ~ ~ ~"
    },
    "cooldown": 200,
    "hud_render": {
        "should_render": true,
        "sprite_location": "origins:textures/gui/community/huang/resource_bar_02.png",
        "bar_index": 5
    },
    "key": "primary"
}